model_id,label,normalized_mse,denormalized_mse,per_frame_mse_mean,per_frame_mse_max,per_frame_mse_top10,latent_mahalanobis,combined_score,latent_logreg_score,flat_logreg_score,latent_svm_score,latent_mlp_score,engineered_mlp_score
00,0,9.665176321504987e-07,0.0032132857013493776,9.665176321504987e-07,3.0957921808294486e-06,2.0088082237634808e-06,0.864853024482727,0.4324274787589957,0.7189973780724165,0.9720257760946909,0.8962020103863338,0.9673866033554077,0.8303330540657043
00,0,9.59352860263607e-07,0.003189466893672943,9.59352860263607e-07,3.1047602533362806e-06,2.006486965910881e-06,0.5324070453643799,0.2662044820350502,0.780080831463812,0.9999372467594349,0.9044401899167198,0.9982179999351501,0.810120165348053
00,0,9.541665804135846e-07,0.003172222524881363,9.541665804135846e-07,3.1116603622649563e-06,2.0048169062647503e-06,0.2587181329727173,0.12936002065293906,0.6015922110526678,0.9999961005845038,0.8460905610500459,0.8970668911933899,0.7976628541946411
00,0,9.328244345851999e-07,0.003101272275671363,9.328244345851999e-07,3.139834007015452e-06,1.9980393517471384e-06,1.848808765411377,0.9244053155301231,0.890640361838314,2.7658891959754333e-05,0.8029552311348025,0.016880899667739868,0.7231241464614868
00,0,9.590521585778333e-07,0.003188463393598795,9.590521585778333e-07,3.1054819373821374e-06,2.0062709609192098e-06,0.7223477363586426,0.36117482723147987,0.7379476813583636,0.9998162685111809,0.8549109137366258,0.6072471737861633,0.8026375770568848
00,0,1.030321413963975e-06,0.0034254067577421665,1.030321413963975e-06,3.0264773158705793e-06,2.032219072134467e-06,8.814332962036133,4.40716751133948,0.6223720702138025,0.05569800350446076,0.7944472191603259,0.8146623969078064,0.9149163365364075
00,0,8.690705044500646e-07,0.0028893116395920515,8.690705044500646e-07,3.2402649594587274e-06,1.9832841644529253e-06,14.856522560119629,7.428262149130319,0.5258730593985315,0.9999900022345716,0.8343503497668373,0.9999876022338867,0.8069944977760315
00,0,9.774828413355863e-07,0.0032497383654117584,9.77482955022424e-07,3.083181127294665e-06,2.012491677305661e-06,1.5873785018920898,0.7936902284288863,0.7325580321675793,0.9999997806802919,0.8600940269926076,0.8967331647872925,0.8564605712890625
00,0,8.8978589474209e-07,0.002958181081339717,8.897857810552523e-07,3.2029563499236247e-06,1.9872777556884103e-06,4.977648735046387,2.488825257309088,0.6710459844917813,0.9999888166440931,0.7803702742945774,0.7506399750709534,0.8063324093818665
00,0,9.4260593641593e-07,0.0031337866093963385,9.426060501027678e-07,3.127201125607826e-06,2.0012876120745204e-06,0.5268823504447937,0.26344211782833327,0.5386199705927068,0.9974612996291123,0.7895486275138043,0.9313620924949646,0.7394681572914124
01,0,9.514398584542505e-07,0.0031631558667868376,9.514398584542505e-07,3.1155218493950088e-06,2.003997451538453e-06,0.3792273998260498,0.18961465135288336,0.36604241613928534,0.8931453022203694,0.8040834443987065,0.4731158912181854,0.7837083339691162
01,0,9.269821248381049e-07,0.003081844188272953,9.269821248381049e-07,3.147745019305148e-06,1.9966169020335656e-06,0.4128592312335968,0.20643054259892324,0.50242194598338,0.999612465466324,0.6698910860166427,0.7704774141311646,0.7579239010810852
01,0,9.34633533233864e-07,0.0031072855927050114,9.346335900772829e-07,3.137374733341858e-06,1.998828565774602e-06,0.2179713249206543,0.10898659709386038,0.3986329167089819,0.9999295696764684,0.6584791275742818,0.6608201265335083,0.7349595427513123
01,0,9.207070661432226e-07,0.0030609844252467155,9.207071229866415e-07,3.1567963105771923e-06,1.9948715817008633e-06,0.9463273286819458,0.47316458504803904,0.6969121404833107,0.9999266728689293,0.740489255833409,0.6447762250900269,0.7761279344558716
01,0,9.24956509607e-07,0.003075108164921403,9.24956509607e-07,3.150535121676512e-06,1.996082573896274e-06,0.5012031197547913,0.25060248483390524,0.3242766295151005,0.5366232193961052,0.6821222175283559,0.6374281644821167,0.7642476558685303
01,0,9.269283509638626e-07,0.0030816670041531324,9.269283509638626e-07,3.1480540201300755e-06,1.9966096260759514e-06,0.5012015104293823,0.2506016821430421,0.37217955273626235,0.029901743948914438,0.6480097367369912,0.428827166557312,0.7577286958694458
01,0,9.328285273113579e-07,0.0031012792605906725,9.328284136245202e-07,3.1400379612023244e-06,1.998333573283162e-06,0.28190484642982483,0.14095335604343973,0.36644043952275673,0.993794058167893,0.6964528610775269,0.7826615571975708,0.7402136921882629
01,0,9.67101527749037e-07,0.003215226111933589,9.67101527749037e-07,3.0950964173825923e-06,2.008825276789139e-06,1.0149728059768677,0.5074873700899616,0.21180395722332432,0.6414152353339344,0.7635375307382289,0.28780698776245117,0.8270593881607056
01,0,9.46780005506298e-07,0.003147663315758109,9.46780005506298e-07,3.1210599900077796e-06,2.00228009816783e-06,0.3266562521457672,0.1633290728528891,0.20245692420199407,0.14212219950974686,0.6201045794781098,0.6184101700782776,0.7597736120223999
01,0,9.180934625874215e-07,0.003052299376577139,9.180934625874215e-07,3.1608183235221077e-06,1.9943013285228517e-06,1.1547977924346924,0.5773998143108088,0.2862323295011125,0.9996616746362456,0.7532539632921117,0.44327813386917114,0.7832819223403931
02,0,9.343573879050382e-07,0.00310636218637228,9.343573879050382e-07,3.1375047910842113e-06,1.9985909602837637e-06,0.3104488253593445,0.15522534703706015,0.2992537349871825,0.07178656835522577,0.6312237291317492,0.2306000143289566,0.7351056337356567
02,0,9.287823559134267e-07,0.0030878258403390646,9.287823559134267e-07,3.145340087939985e-06,1.996967512241099e-06,0.45395803451538086,0.22697994604004634,0.3379407882561484,0.9996736179268464,0.6744321081237105,0.4748534560203552,0.7518492937088013
02,0,9.346178444502584e-07,0.0031072271522134542,9.346177876068396e-07,3.1372110242955387e-06,1.9986873667221516e-06,0.22846096754074097,0.11423141838821493,0.2946298456025646,0.5010116299654036,0.6585124936334575,0.6955297589302063,0.735052764415741
02,0,9.33934813929227e-07,0.0031049621757119894,9.33934813929227e-07,3.1384483918373007e-06,1.9986302959296154e-06,0.23469141125679016,0.11734663956320901,0.3796785614367346,0.9868336167921388,0.6445939341767791,0.3601408302783966,0.7371383309364319
02,0,9.372098475068924e-07,0.0031158451456576586,9.372098475068924e-07,3.133713562419871e-06,1.999609821723425e-06,0.10493473708629608,0.05246830575299555,0.3870625053756485,0.28589785990494126,0.7293524931536235,0.8095519542694092,0.7289285659790039
02,0,9.249084769180627e-07,0.003074951935559511,9.249084769180627e-07,3.1508293432125356e-06,1.9960909867222654e-06,0.5775725245475769,0.28878718718226537,0.40378924799525107,0.02234412298794843,0.692261545025942,0.29534417390823364,0.7640509009361267
02,0,9.37041761517321e-07,0.003115287981927395,9.370416478304833e-07,3.1341073736257385e-06,1.9995577531517483e-06,0.12934356927871704,0.06467272168112004,0.46599691927140263,0.9807614946387639,0.7308157348189411,0.5110242962837219,0.7285045981407166
02,0,9.123374411501572e-07,0.0030331581365317106,9.123374411501572e-07,3.1689485240349313e-06,1.992893430724507e-06,1.484362244606018,0.7421820346404502,0.24916187103492174,0.9752463608201544,0.8084540686621118,0.9851507544517517,0.7951691746711731
02,0,9.360978197037184e-07,0.0031121475622057915,9.360978197037184e-07,3.135023234790424e-06,1.9990634427813347e-06,1.7374342679977417,0.8687180700966906,0.20227867340786965,0.03210329004155407,0.789614663239737,0.7661411166191101,0.7264724373817444
02,0,9.363213280266791e-07,0.0031128854025155306,9.363213280266791e-07,3.13510327032418e-06,1.9993158275610767e-06,0.1349739283323288,0.06748790048749242,0.38971181466211813,0.0004792383156756094,0.6702939282245187,0.12646977603435516,0.7302126884460449
03,0,9.284388511332509e-07,0.0030866919551044703,9.284389648200886e-07,3.1455219868803397e-06,1.996899300138466e-06,0.5056132078170776,0.25280753234738995,0.39622775251122955,0.5270984329835889,0.6869742825714383,0.6802036166191101,0.7523180842399597
03,0,9.479232971898455e-07,0.003151465207338333,9.479232403464266e-07,3.119686425634427e-06,2.0026454876642674e-06,0.3111698031425476,0.155585849494571,0.22644611186795977,0.0013662252015592526,0.6454228529660069,0.2999439239501953,0.7660126686096191
03,0,9.019855724545778e-07,0.002998748794198036,9.019855724545778e-07,3.1840941119298805e-06,1.9899962353520095e-06,3.562108039855957,1.781054921913551,0.39934027128939814,0.9993958536696697,0.7979459768876395,0.9647926688194275,0.7906408905982971
03,0,9.291152309742756e-07,0.0030889350455254316,9.291152309742756e-07,3.144643869745778e-06,1.9972294467152096e-06,0.3181270360946655,0.15906444716256374,0.4178031031349536,0.9948961875567001,0.6914521254264473,0.24168257415294647,0.7510606050491333
03,0,9.40074812660896e-07,0.003125371877104044,9.400749263477337e-07,3.129719971184386e-06,2.000219865294639e-06,1.7274689674377441,0.8637354237936847,0.47283584471667234,0.9665438631922789,0.7993896172325067,0.7797975540161133,0.7299615740776062
04,0,9.459889156460122e-07,0.003145033260807395,9.459889156460122e-07,3.1224849408317823e-06,2.0023044271511026e-06,0.12821277976036072,0.064107335869096,0.7076827884888665,0.9996190763661778,0.8280844205130936,0.9400772452354431,0.765275239944458
04,0,9.389097499479249e-07,0.003121495945379138,9.389097499479249e-07,3.1315712476498447e-06,2.0000272797915386e-06,0.15278592705726624,0.07639390243838307,0.49529858031448903,0.9769117607285873,0.7220367187590593,0.6462250351905823,0.7317638397216797
04,0,9.361779120808933e-07,0.003112416947260499,9.361778552374744e-07,3.1352660698757973e-06,1.999186224566074e-06,0.2954087555408478,0.14770531394833597,0.35751231642284775,0.7347029091351414,0.690778815923309,0.14034855365753174,0.7294884920120239
04,0,9.324141387878626e-07,0.0030999069567769766,9.324141387878626e-07,3.140185071970336e-06,1.9981182504125172e-06,0.303536057472229,0.1517689611502533,0.5407669088640538,0.8350256336708808,0.7487756279597593,0.875075101852417,0.7411457300186157
04,0,9.479987284066738e-07,0.0031517192255705595,9.479987284066738e-07,3.1197214411804453e-06,2.0027619029860944e-06,0.18329346179962158,0.0916476788985392,0.4852740789868177,0.8770133287633267,0.7667039786053096,0.9750691652297974,0.7713978886604309
05,0,9.442930490877188e-07,0.003139398293569684,9.442930490877188e-07,3.1247232072928455e-06,2.001645043492317e-06,0.20269358158111572,0.10134773508360695,0.2498643491998638,0.005475464810078688,0.7223150374659448,0.8813791275024414,0.7532055377960205
05,0,9.3414672619474e-07,0.003105663927271962,9.341468398815778e-07,3.1380436666950118e-06,1.998616198761738e-06,0.29972970485687256,0.14986578657516247,0.46793745707134693,0.13177378328265954,0.6838022733943285,0.703310489654541,0.7359182834625244
05,0,9.310102768722572e-07,0.0030952354427427053,9.310102768722572e-07,3.1418348953593522e-06,1.997598928937805e-06,1.1874486207962036,0.5937252414083787,0.27376919070399236,3.957788049405864e-07,0.8099818027039207,0.5775405764579773,0.7380576729774475
05,0,9.260200499738858e-07,0.0030786467250436544,9.260200499738858e-07,3.1498811949859373e-06,1.9963956674473593e-06,1.0584633350372314,0.5292325935386657,0.27320242417577906,0.13249736923997463,0.7155878910751488,0.24299834668636322,0.7575433254241943
05,0,9.905004390020622e-07,0.0032930162269622087,9.905003253152245e-07,3.0678670555062126e-06,2.0168272385490127e-06,3.058311700820923,1.5291568409109004,0.4119953843696541,0.8559953498332794,0.7864779157505912,0.5253400206565857,0.8720865845680237
06,0,9.604502793081338e-07,0.0031931146513670683,9.604502793081338e-07,3.1040358408063184e-06,2.006837348744739e-06,0.5307607650756836,0.2653813429881211,0.29459733020106665,0.9217427097769295,0.7553611525873677,0.4615471363067627,0.8146781325340271
06,0,9.479543336965435e-07,0.003151568118482828,9.479543336965435e-07,3.1203521757561248e-06,2.002813062063069e-06,0.3111439347267151,0.15557291531769124,0.2165097256490389,0.16820131167509658,0.6788029006424382,0.3961181342601776,0.7682315111160278
06,0,9.345557714368624e-07,0.0031070252880454063,9.345558282802813e-07,3.1374577247333946e-06,1.99868145500659e-06,0.34685418009757996,0.17342802460456141,0.3995555960682182,0.0009360200967431427,0.6471804986938936,0.34795594215393066,0.7342722415924072
06,0,9.392271635988436e-07,0.0031225518323481083,9.392271635988436e-07,3.131350240437314e-06,2.00008707906818e-06,0.2786262631416321,0.13931407079797964,0.25254257734528585,2.149983946182017e-06,0.6773440974918278,0.07617908716201782,0.7303133010864258
06,0,9.481209417572245e-07,0.003152123186737299,9.481210554440622e-07,3.119522261840757e-06,2.002817154789227e-06,0.2048630267381668,0.10243246149002516,0.22345104327789572,0.9963243530512705,0.7581332351788339,0.44845888018608093,0.7715492844581604
00,1,9.473565114603844e-07,0.003149582538753748,9.473565114603844e-07,3.1209178814606275e-06,2.002721657845541e-06,0.3760928511619568,0.18804737293748985,0.5957009153002105,0.6501197576043266,0.8145581954280045,0.9262514114379883,0.7644224762916565
00,1,9.884603286991478e-07,0.0032862366642802954,9.884603286991478e-07,3.072122581215808e-06,2.0163863609923283e-06,7.2287187576293945,3.614360367275026,0.8687661749329412,0.9916340193631442,0.8574435446017111,0.8873218894004822,0.8228784203529358
00,1,9.524710549158044e-07,0.003166584763675928,9.524710549158044e-07,3.113645561825251e-06,2.0041584321006667e-06,0.3515273332595825,0.17576461910084618,0.3650964525233578,0.3217050645082816,0.7713512927239963,0.9481939077377319,0.7867512106895447
00,1,9.572835324433981e-07,0.0031825860496610403,9.572835324433981e-07,3.1077561288839206e-06,2.005811438721139e-06,0.37211763858795166,0.18605977657750827,0.5999577231033476,0.9999441630596645,0.862633587204952,0.8839412927627563,0.8066836595535278
00,1,9.440295229978801e-07,0.0031385209877043962,9.440295229978801e-07,3.125437615381088e-06,2.0017171209474327e-06,0.547783374786377,0.2738926314227115,0.5071365310028904,0.32479255183881783,0.7866415700134547,0.8542826771736145,0.7440353035926819
00,1,9.500528790340468e-07,0.0031585448887199163,9.500528790340468e-07,3.1172064609563677e-06,2.0035222405567765e-06,0.2698962092399597,0.1349490546728589,0.6236578648596863,0.9999208251553694,0.8208670215447158,0.7508659362792969,0.779987633228302
00,1,9.900985560307163e-07,0.0032916793134063482,9.900985560307163e-07,3.068682872253703e-06,2.016876578636584e-06,2.753696918487549,1.3768494493423304,0.6897647190903583,0.9992007964432562,0.8672772818103619,0.9250820279121399,0.8779979348182678
00,1,9.509498681836703e-07,0.0031615309417247772,9.509498681836703e-07,3.1156257591646863e-06,2.003709141717991e-06,0.4439370632171631,0.22196948255844973,0.8944353401376769,0.9953148598912328,0.8746898391429017,0.9729876518249512,0.7778081297874451
00,1,9.212151894644194e-07,0.0030626726802438498,9.212151894644194e-07,3.1566255529469345e-06,1.9951262402173597e-06,1.1687062978744507,0.5843540701524148,0.36894219481894475,0.04106515676112633,0.7028948208965844,0.8171567916870117,0.7731618285179138
00,1,9.570940164849162e-07,0.0031819536816328764,9.570939027980785e-07,3.10824566440715e-06,2.0057882466062438e-06,0.48699885606765747,0.24350038512784522,0.5603176922995751,0.8265644123393564,0.8468393719453505,0.727975606918335,0.803254246711731
00,1,9.131099432124756e-07,0.00303572416305542,9.131100568993133e-07,3.1672464047005633e-06,1.992857505683787e-06,1.3833339214324951,0.6916678738261908,0.5890715463816714,0.9972509713643031,0.8750616156340181,0.9760212898254395,0.7941805720329285
00,1,9.535807521388051e-07,0.003170270938426256,9.535806384519674e-07,3.11226244775753e-06,2.0045204109919723e-06,0.5186758041381836,0.25933885564984394,0.9113673207799227,0.997633758033632,0.8575616389975754,0.6681815981864929,0.7864288091659546
00,1,9.489094168202428e-07,0.003154747188091278,9.489094168202428e-07,3.118502490906394e-06,2.0030615814903285e-06,0.26350703835487366,0.13175446808685365,0.4551371030291536,0.3614256501182754,0.7631896982445676,0.6730828285217285,0.7735039591789246
00,1,9.62011426963727e-07,0.0031982995569705963,9.62011426963727e-07,3.1014712931209942e-06,2.007279135796125e-06,0.8495172262191772,0.4247595751210156,0.570345036008937,0.9997757813723641,0.8590858853885402,0.7696040272712708,0.8112807273864746
00,1,9.72916836872173e-07,0.0032345594372600317,9.72916836872173e-07,3.088076482526958e-06,2.010874595725909e-06,1.5097503662109375,0.7548761560223056,0.7243250998988278,0.9994388571793195,0.8787433245996633,0.8249281048774719,0.8386585116386414
00,1,9.893154810924898e-07,0.0032890771981328726,9.893154810924898e-07,3.0695994155394146e-06,2.0166246486041928e-06,2.6719751358032227,1.3359885572170924,0.5588640316064146,0.9999172164021841,0.8672438252637621,0.8819037675857544,0.8770345449447632
00,1,9.508586913398176e-07,0.003161228494718671,9.508586913398176e-07,3.1159465834207367e-06,2.0036954992974643e-06,0.24382255971431732,0.12191223071585,0.4912406215895718,0.9999490749976158,0.7863219626567651,0.747846245765686,0.7833092212677002
00,1,9.542474117552047e-07,0.0031724912114441395,9.542475254420424e-07,3.1113877412281e-06,2.0047673388035037e-06,0.44738975167274475,0.22369583008378413,0.676711297930125,0.999998988117566,0.8471272707182277,0.643642008304596,0.7915997505187988
00,1,9.518180377199315e-07,0.003164412220939994,9.51818208250188e-07,3.114079390797997e-06,2.0038437469338533e-06,0.6130911111831665,0.30654650740962097,0.5786163310866067,0.2909874311067909,0.8314567912377989,0.9498937726020813,0.7748109698295593
00,1,9.44123087265325e-07,0.0031388401985168457,9.441232009521627e-07,3.1249628591467626e-06,2.0017118913528975e-06,0.24662980437278748,0.123315846309481,0.5272341693412392,0.9974614552121047,0.7899224078336274,0.9650424122810364,0.7525850534439087
00,1,9.481771598984778e-07,0.003152308752760291,9.481771598984778e-07,3.1196886993711814e-06,2.0028085145895602e-06,0.309310644865036,0.1546562706096779,0.6549291299085556,0.9240712040414523,0.8131254306294593,0.8922376036643982,0.768397867679596
00,1,9.603049875295255e-07,0.003192631993442774,9.603049875295255e-07,3.104600409642444e-06,2.0068951016583014e-06,0.9010608196258545,0.4505313701179148,0.866508662761798,0.3886800949820767,0.7850171645196921,0.9557497501373291,0.8051982522010803
00,1,9.763530215423089e-07,0.003245983272790909,9.763529078554711e-07,3.084330728597706e-06,2.012138565987698e-06,1.4625349044799805,0.7312684285930118,0.7491255791459843,0.9999740886410277,0.885708268557617,0.933366060256958,0.855319082736969
00,1,9.480087328483933e-07,0.0031517501920461655,9.480087328483933e-07,3.1192198548524175e-06,2.002699147851672e-06,0.2958310544490814,0.14791647523327356,0.32908555569520265,0.9999957215604285,0.7809339829536505,0.8016762733459473,0.7671341300010681
00,1,9.795925279831863e-07,0.003256753087043762,9.795925279831863e-07,3.0813171179033816e-06,2.0133106772846077e-06,2.684968948364258,1.342485453774657,0.6981481645723762,0.9993394079060516,0.8328565447027757,0.7095223069190979,0.8376623392105103
00,1,9.606316098142997e-07,0.0031937118619680405,9.606317235011375e-07,3.1033157483761897e-06,2.006913291552337e-06,0.5225993394851685,0.26130063037419404,0.8293541019179255,0.9948218458998663,0.8938140108371253,0.9773690700531006,0.8156332969665527
00,1,9.54772872319154e-07,0.0031742427963763475,9.54772872319154e-07,3.110920488325064e-06,2.0049806153110694e-06,0.3080090582370758,0.15400548389141022,0.5277802052193092,0.9696767553968589,0.8499452595773069,0.810793936252594,0.798366129398346
00,1,1.0426517746964237e-06,0.0034664012491703033,1.042651661009586e-06,3.015796664840309e-06,2.0369677713460987e-06,14.157699584960938,7.0788508351322434,0.7437974921334577,0.999530775599744,0.8754889351736586,0.9919471144676208,0.9093120098114014
00,1,9.671538236943888e-07,0.0032153979409486055,9.671538236943888e-07,3.0957075978221837e-06,2.009101308431127e-06,1.024914264678955,0.5124580994933012,0.6550618169821182,0.9962351882953546,0.8436840080773436,0.8949593305587769,0.8298517465591431
00,1,9.579545121596311e-07,0.0031848193611949682,9.579546258464688e-07,3.1070435397850815e-06,2.0060087990714237e-06,0.5170634388923645,0.2585326774006944,0.8334787385204178,0.9999642976785539,0.8824128138501237,0.9967851638793945,0.8051342368125916
00,1,9.466690471526817e-07,0.0031472917180508375,9.466690471526817e-07,3.121452209597919e-06,2.0024767763970885e-06,0.17208589613437653,0.08604389473623542,0.6433198732478095,0.9999994207380414,0.8344554784260421,0.9968605041503906,0.766827404499054
00,1,9.082097562895797e-07,0.0030194346327334642,9.082096994461608e-07,3.174389576088288e-06,1.9917069948860444e-06,2.255610942840576,1.1278063796300444,0.904368280990635,0.9925659676557635,0.8816136704106536,0.97636878490448,0.7969717979431152
00,1,9.55119162426854e-07,0.0031753883231431246,9.551190487400163e-07,3.1106842470762786e-06,2.0051493265782483e-06,0.44709670543670654,0.2235493078375157,0.8043516134211277,0.9998886896129352,0.8574229617288005,0.8922198414802551,0.7965064644813538
00,1,9.187551768263802e-07,0.0030544965993613005,9.187551768263802e-07,3.1592694540449884e-06,1.9941708160331473e-06,2.4003195762634277,1.2001607068868907,0.6179001776464171,0.9927965183836479,0.8245958177948908,0.978679358959198,0.7583723664283752
00,1,9.593653658157564e-07,0.0031895011197775602,9.593653658157564e-07,3.1049967219587415e-06,2.0064715045009507e-06,0.4499795138835907,0.22499071630716116,0.6063771226138274,0.9999733947665863,0.8531317350788438,0.8607051372528076,0.8123388886451721
00,1,9.498600093138521e-07,0.0031579032074660063,9.498600661572709e-07,3.1173012757790275e-06,2.0033360215165885e-06,0.24822714924812317,0.1241145244840709,0.6250865678635,0.9997682260839201,0.8096665421410546,0.9656850695610046,0.7782362699508667
00,1,9.534267633171112e-07,0.003169761272147298,9.534266496302735e-07,3.112284957751399e-06,2.0044553821207955e-06,0.45253241062164307,0.22626715873758485,0.8312260131643034,0.9999965940349832,0.8562868927836034,0.7535805106163025,0.7874930500984192
00,1,9.502655302640051e-07,0.003159254789352417,9.502655302640051e-07,3.1167273846222088e-06,2.003489044000162e-06,0.14342595636844635,0.07171392844975344,0.4251727779724529,0.9999404745463957,0.7242661936100238,0.609175443649292,0.7831466794013977
00,1,9.784225767361932e-07,0.0032528627198189497,9.784224630493554e-07,3.0817413971817587e-06,2.012828645092668e-06,1.6260716915130615,0.8130368241791075,0.6793786427816427,0.9998745808131617,0.8776353833149215,0.9495754837989807,0.8595598340034485
00,1,9.644420515542151e-07,0.0032063834369182587,9.644420515542151e-07,3.099110472248867e-06,2.008191813729354e-06,0.7993893623352051,0.3996956456096541,0.5941979361992767,0.9864340862035513,0.8002334360054615,0.6913602352142334,0.8243979215621948
01,1,9.717143711895915e-07,0.0032305617351084948,9.717143711895915e-07,3.089304527748027e-06,2.0104025679756887e-06,1.3508684635162354,0.6754352034724889,0.544022437701099,0.11010749540734976,0.8615243799697292,0.9502348899841309,0.8379476070404053
01,1,9.454541327613697e-07,0.0031432565301656723,9.454541327613697e-07,3.1227616545947967e-06,2.0020684132759925e-06,0.1679655909538269,0.08398374093104621,0.7822823864359912,0.8900061358409975,0.8042854278279087,0.9882292747497559,0.7604413628578186
01,1,1.0018077318818541e-06,0.003330606734380126,1.0018077318818541e-06,3.0550093015335733e-06,2.0209654394420795e-06,4.504922866821289,2.2524624352183764,0.7331698909507453,0.9996809933389804,0.8544021004057444,0.9786052107810974,0.8881686329841614
01,1,9.727532415126916e-07,0.0032340146135538816,9.727533551995293e-07,3.0888893434166675e-06,2.0109134766244097e-06,1.2544392347335815,0.6272205901200323,0.3902328750568864,0.7919308591668871,0.8444617882719136,0.7871739268302917,0.8460344076156616
01,1,9.33273611281038e-07,0.003102764254435897,9.33273611281038e-07,3.1392587516165804e-06,1.998346988330013e-06,0.2771029770374298,0.13855242179232619,0.5256978606451256,0.9988257058424577,0.7254182548454722,0.9358142614364624,0.738948404788971
01,1,9.365947448713996e-07,0.0031138004269450903,9.365947448713996e-07,3.1346680771093816e-06,1.999419055209728e-06,0.14849510788917542,0.07424849053933258,0.5632551390118794,0.9999979910628838,0.7382647236167511,0.7995849251747131,0.7290663719177246
01,1,9.245959518011659e-07,0.0030739125795662403,9.245959518011659e-07,3.1507815947406925e-06,1.996010723814834e-06,0.5015072822570801,0.25075456572449184,0.5839754127971137,0.9774072083007092,0.7337004171677601,0.9023728966712952,0.7651401162147522
01,1,9.6048040632013e-07,0.003193212440237403,9.6048040632013e-07,3.1034019229991827e-06,2.006839395107818e-06,0.5029546022415161,0.2514782616011644,0.7681933582784107,0.9967502969749767,0.8731782248313211,0.7549907565116882,0.8153051733970642
01,1,9.402331784258422e-07,0.0031258948147296906,9.402331784258422e-07,3.129739980067825e-06,2.000403583224397e-06,0.2219899594783783,0.11099591997236757,0.6487938368185545,0.9993646153391832,0.7535020436772335,0.8372538685798645,0.7348008155822754
01,1,9.388077160110697e-07,0.0031211543828248978,9.388078296979074e-07,3.1314848456531763e-06,1.9999004052806413e-06,0.3423653542995453,0.17118361595748866,0.6187348607441514,0.28556533613866414,0.7069193755538173,0.8015192151069641,0.7299937605857849
01,1,9.347849641017092e-07,0.003107782918959856,9.347849641017092e-07,3.1368883810500847e-06,1.9988510757684708e-06,0.1491631269454956,0.0745824982577119,0.5171767124813508,0.9626010563554688,0.6924853492301224,0.5866660475730896,0.7349051833152771
01,1,9.372496947435138e-07,0.0031159797217696905,9.372495810566761e-07,3.133724931103643e-06,1.999518190132221e-06,0.19283029437065125,0.09641608443502037,0.6015306458543853,0.9999999621207597,0.7062324399132044,0.6162815093994141,0.72844398021698
01,1,9.561293836668483e-07,0.003178746672347188,9.561293836668483e-07,3.1095946724235546e-06,2.0055279037478613e-06,0.5316412448883057,0.2658215785735365,0.36710419010036416,0.9070971614250519,0.7989042340336198,0.9595240354537964,0.7987707257270813
01,1,9.49299305830209e-07,0.0031560377683490515,9.49299305830209e-07,3.118268978141714e-06,2.0032273368997267e-06,0.2648296058177948,0.13241575220820323,0.42172325543524897,0.9841329714803988,0.7920397016136896,0.8804745078086853,0.7759048342704773
01,1,9.296056191487878e-07,0.003090567421168089,9.296056191487878e-07,3.1441923056263477e-06,1.9974011138401693e-06,0.34591561555862427,0.17295873738493128,0.6572162644436345,0.37690432325121537,0.6699893125354517,0.9134408831596375,0.7494387626647949
01,1,9.382548569192295e-07,0.003119318513199687,9.382547432323918e-07,3.132377287329291e-06,1.999719643208664e-06,0.21457691490650177,0.1072893957081078,0.3872651700995564,0.0004211159326551297,0.6433164588045457,0.9274464845657349,0.7284027338027954
01,1,9.417678370482463e-07,0.0031309996265918016,9.417678370482463e-07,3.1279678296414204e-06,2.000929725909373e-06,0.12835735082626343,0.06417961718096876,0.5389236007108882,0.9004453339610505,0.7445440314151663,0.869227945804596,0.7442240118980408
01,1,9.369206281917286e-07,0.0031148854177445173,9.369206850351475e-07,3.134119879177888e-06,1.9995197817479493e-06,0.14076638221740723,0.0703841280293318,0.6224102073688369,0.737945505417824,0.7796653311368309,0.7812380790710449,0.7285389304161072
01,1,9.475335787101358e-07,0.003150172531604767,9.475335787101358e-07,3.120098881481681e-06,2.0025404410262126e-06,0.35303181409835815,0.1765168545827578,0.5944943366568106,0.9989289505050474,0.7179565935732333,0.6857506036758423,0.7630156874656677
01,1,9.351500125376333e-07,0.0031090001575648785,9.351498988507956e-07,3.1365857466880698e-06,1.9989315660495777e-06,0.2426331639289856,0.12131751711450534,0.7390560805306984,0.9999553100130915,0.727635894840162,0.8867997527122498,0.7331088781356812
01,1,9.651897698859102e-07,0.0032088656444102526,9.651897698859102e-07,3.0978219456301304e-06,2.0083991785213584e-06,0.74092698097229,0.3704644556759149,0.7600218582173435,0.9999995075400401,0.871457753628332,0.9020442366600037,0.8286241292953491
01,1,9.260484148398973e-07,0.003078741254284978,9.260483579964784e-07,3.14891804009676e-06,1.996277433136129e-06,0.5888174772262573,0.2944096646615435,0.3864563833590606,0.2360392180450662,0.6972073236240549,0.3379826545715332,0.7601040005683899
01,1,9.374404612572107e-07,0.00311661628074944,9.374404044137918e-07,3.133399786747759e-06,1.9996259652543813e-06,0.14666567742824554,0.07333377615458403,0.6395126560244075,0.9999598231862055,0.7577796366586642,0.9975503087043762,0.7284177541732788
01,1,9.398385714121105e-07,0.0031245877034962177,9.398385714121105e-07,3.1302363368013175e-06,2.0002314613520866e-06,0.20866405963897705,0.10433296965805994,0.2463476269215029,0.9989576452537174,0.6547855089861292,0.5758898258209229,0.7331490516662598
01,1,9.078909215531894e-07,0.0030183724593371153,9.078909215531894e-07,3.1753857001604047e-06,1.9916849396395264e-06,1.8934154510498047,0.9467086334158239,0.7932132674742874,0.9999978003015605,0.8744854858352327,0.9902818202972412,0.8018907308578491
01,1,9.542217185298796e-07,0.0031724106520414352,9.542217185298796e-07,3.1117590424400987e-06,2.004867610594374e-06,0.2659323811531067,0.13296714479827187,0.5218587993955124,0.9982671670649098,0.8326131805269196,0.5222228765487671,0.7981363534927368
01,1,9.48479282669723e-07,0.0031533152796328068,9.48479282669723e-07,3.1192889764497522e-06,2.0029337974847294e-06,0.20126837491989136,0.10063513593922835,0.4613834890945735,0.999894992735139,0.7538535181856163,0.9797053933143616,0.7734265923500061
01,1,9.28248482523486e-07,0.00308605981990695,9.28248482523486e-07,3.146074732285342e-06,1.9969004370068433e-06,0.47628727555274963,0.23814456602485734,0.6341501330670505,0.9766559803550852,0.7501707157362556,0.9559739232063293,0.7533194422721863
01,1,9.437227390662883e-07,0.0031375051476061344,9.437226253794506e-07,3.1252141070581274e-06,2.001506345550297e-06,0.09578325599431992,0.047892571719899024,0.527922758028799,0.9405903198164565,0.7201425774192658,0.9196721315383911,0.7539693117141724
01,1,9.3842248816145e-07,0.0031198763754218817,9.3842248816145e-07,3.1321899314207258e-06,1.999972027988406e-06,0.10400184988975525,0.052001863367365786,0.36242790215278947,0.9987557077564235,0.7028131781701571,0.7470748424530029,0.732105553150177
01,1,9.442555892746896e-07,0.0031392709352076054,9.442555324312707e-07,3.1245190257322975e-06,2.0015631889691576e-06,0.27949053049087524,0.1397462095010269,0.505340409885288,0.011457578374193152,0.6438513779184987,0.8918665647506714,0.749890923500061
01,1,9.441573070034792e-07,0.0031389498617500067,9.441573070034792e-07,3.124682962152292e-06,2.0016877897433005e-06,0.15221276879310608,0.07610732855386004,0.6864507223625208,0.9995442124416293,0.7920695263543113,0.9957655668258667,0.7549870014190674
02,1,9.303401498073072e-07,0.0030930042266845703,9.303401498073072e-07,3.143053163512377e-06,1.997562094402383e-06,0.291476845741272,0.1457393532107858,0.5497167461323781,0.9998147756550045,0.7125204439845263,0.9016293287277222,0.747650682926178
02,1,9.144640102931589e-07,0.0030402233824133873,9.144641239799967e-07,3.165888301737141e-06,1.9932824670831906e-06,1.2469691038131714,0.623485466370596,0.5064540082768945,0.963142918464472,0.8032975636255413,0.9663640260696411,0.7926664352416992
02,1,9.601453712093644e-07,0.003192095085978508,9.601452575225267e-07,3.104351662841509e-06,2.006809154408984e-06,0.5199651718139648,0.25998354605235363,0.6061628889957431,0.9912785772308559,0.8566720060107622,0.9565537571907043,0.814415454864502
02,1,9.172752584163391e-07,0.00304956897161901,9.172752584163391e-07,3.1614688396075508e-06,1.994051672227215e-06,0.9774038195610046,0.48870282705576074,0.6524952491572081,0.38968906602530656,0.8124524278715086,0.9440675973892212,0.7865569591522217
02,1,9.467430004406197e-07,0.003147542243823409,9.467428867537819e-07,3.1208974178298377e-06,2.002348310270463e-06,0.36032018065452576,0.18016103707026332,0.67312344813886,0.9999237150018158,0.7718674766711784,0.6638950109481812,0.7594233155250549
02,1,1.0002307817558176e-06,0.0033253661822527647,1.0002307817558176e-06,3.0565765882784035e-06,2.020290139626013e-06,4.62915563583374,2.314578818147652,0.5669592339683347,0.9884298993842254,0.8496219594186928,0.579953134059906,0.8791776895523071
02,1,9.069983093468181e-07,0.003015406196936965,9.069982525033993e-07,3.176091240675305e-06,1.9913431970053352e-06,2.1752851009368896,1.0876434574667542,0.5552450356686286,0.9999933123315873,0.885023127479898,0.9759939908981323,0.8008016347885132
02,1,9.51087201883638e-07,0.0031619814690202475,9.510872587270569e-07,3.1153417694440577e-06,2.0036268324474804e-06,0.4495605230331421,0.22478121260377293,0.42336258097119384,0.9999998650731452,0.6834857161615404,0.7897934317588806,0.776703953742981
02,1,9.070072337635793e-07,0.0030154355335980654,9.070072337635793e-07,3.1763725019118283e-06,1.991375938814599e-06,1.908528447151184,0.9542651305828258,0.6021293637452967,0.923615414426291,0.8852384450894488,0.9617790579795837,0.8037402629852295
02,1,9.322332630290475e-07,0.0030993041582405567,9.322331493422098e-07,3.1402273634739686e-06,1.998038214878761e-06,2.626624584197998,1.313313224332262,0.9766906145485776,0.9999999979051131,0.7937979033379898,0.9996843338012695,0.7187063097953796
02,1,9.529032354294031e-07,0.0031680159736424685,9.529032354294031e-07,3.113102138740942e-06,2.004304178626626e-06,0.33156517148017883,0.16578353864332485,0.42544813461971076,0.9953871839773772,0.7951723663514898,0.7850775718688965,0.7892025709152222
02,1,9.88369151855295e-07,0.003285931423306465,9.88369151855295e-07,3.0717487788933795e-06,2.0163711269560736e-06,5.234310626983643,2.617156301860973,0.6611542378708138,0.9293605596120997,0.8554542079715746,0.9176585674285889,0.8213150501251221
02,1,9.498868394075544e-07,0.003157994244247675,9.498868394075544e-07,3.1167021461442346e-06,2.0033135115227196e-06,1.099053144454956,0.5495275221143174,0.5592675245742452,0.013632108531771832,0.832996907558553,0.9998568296432495,0.7528532147407532
02,1,9.108505878430151e-07,0.0030282086227089167,9.108505878430151e-07,3.1709278118796647e-06,1.9923504623875488e-06,1.7145816087722778,0.8572917152367268,0.6786054714247249,0.9999522582480259,0.8693029568631305,0.9947425127029419,0.7965258955955505
02,1,9.490753996033163e-07,0.0031553010921925306,9.490754564467352e-07,3.117884716630215e-06,2.0030147425131872e-06,0.4416349530220032,0.2208184255864012,0.47612895211222495,0.9999746643418026,0.726842031761617,0.8381208181381226,0.7676618695259094
02,1,9.264926461582945e-07,0.0030802187975496054,9.264926461582945e-07,3.1479698918701615e-06,1.996427272388246e-06,1.8503289222717285,0.9251653876285104,0.7793736773791397,0.9999941370528048,0.8488810773371104,0.9976885318756104,0.7435977458953857
02,1,9.444445936424017e-07,0.003139899345114827,9.444445936424017e-07,3.1237668736139312e-06,2.0016914277221076e-06,1.9632370471954346,0.9816194680423109,0.7711732217461553,0.9994325943485615,0.8235198869014325,0.9946050047874451,0.736781895160675
02,1,9.327647489953961e-07,0.00310106691904366,9.327648626822338e-07,3.1397928523801966e-06,1.998144398385193e-06,0.35535404086112976,0.17767795319531388,0.3069762098420526,0.986234491894428,0.6474623888967681,0.461938738822937,0.7398136854171753
02,1,9.438354027224705e-07,0.003137876046821475,9.438354027224705e-07,3.1249885523720877e-06,2.0013958419440314e-06,0.3494983911514282,0.17475013941111683,0.5982605356346125,0.9999991904411573,0.6841560691876287,0.8847677707672119,0.745350182056427
02,1,9.566223297952092e-07,0.003180390689522028,9.566223297952092e-07,3.108791133854538e-06,2.0055922504980117e-06,0.38608044385910034,0.19304117855187997,0.46810581783738653,0.7688182488176296,0.8214586231199057,0.9133098125457764,0.8037474155426025
02,1,9.631032753532054e-07,0.0032019333448261023,9.631032753532054e-07,3.1004085485619726e-06,2.0077009139640722e-06,0.6258934140205383,0.3129476701135445,0.5098712508952077,0.3584517700174284,0.8626661446903738,0.5443810820579529,0.8230341672897339
02,1,9.253300845557533e-07,0.003076356602832675,9.253300845557533e-07,3.1498202588409185e-06,1.9960791632911423e-06,0.5437931418418884,0.27189749625102877,0.26487642346488466,0.9999830845413076,0.7170528168815582,0.7798295021057129,0.76280277967453
02,1,9.247621051144961e-07,0.00307446694932878,9.247620482710772e-07,3.1508102438237984e-06,1.996026639972115e-06,0.5080695152282715,0.25403568237624086,0.4577001697158278,0.9898654410290383,0.7047523129132082,0.6785990595817566,0.7648763060569763
02,1,9.451500204704644e-07,0.00314224511384964,9.451500204704644e-07,3.1238280371326255e-06,2.002053861360764e-06,0.36370033025741577,0.18185111027872836,0.5149090243304717,0.9998040230026985,0.7797876946870956,0.7088701725006104,0.7544554471969604
02,1,9.742088877828792e-07,0.0032388505060225725,9.742088877828792e-07,3.0867395253153518e-06,2.0114089238632005e-06,1.2859735488891602,0.6429877486534679,0.5976083251468153,0.9621364806086627,0.86860764198584,0.9355344176292419,0.8510780334472656
02,1,9.253266739506216e-07,0.003076337743550539,9.253266739506216e-07,3.149469193886034e-06,1.9960334611823782e-06,0.7145341634750366,0.35726800706419226,0.5550014153154259,0.9161556753798453,0.8229852673364507,0.9760715961456299,0.76143878698349
02,1,9.463866490477812e-07,0.0031463559716939926,9.463866490477812e-07,3.1216338811645983e-06,2.0022880562464707e-06,0.1348651647567749,0.0674335287650365,0.24201586349586895,0.9364675445850048,0.754733123140899,0.6569169163703918,0.765288233757019
02,1,9.862510523817036e-07,0.003278890624642372,9.862510523817036e-07,3.073326979574631e-06,2.0155580386926886e-06,2.6438820362091064,1.3219420043556056,0.71168900413421,0.998999805425084,0.863627547472585,0.8883818984031677,0.8661388158798218
02,1,9.441092743145418e-07,0.0031387803610414267,9.441092743145418e-07,3.1245015179592883e-06,2.0015359041281044e-06,0.17761503159999847,0.08880845990927355,0.5291727100817736,0.9999356382305105,0.7470192318445296,0.653464674949646,0.7522849440574646
02,1,9.269512020182447e-07,0.0030817401129752398,9.269512020182447e-07,3.147518782498082e-06,1.996475020860089e-06,0.556922435760498,0.27846214483145104,0.2325401882643064,0.10146465430293511,0.7195795712794946,0.4859062135219574,0.7571827173233032
02,1,9.633589570512413e-07,0.003202784573659301,9.633589570512413e-07,3.099904006376164e-06,2.0078005036339164e-06,0.6435447931289673,0.3217733599234407,0.7642390159557716,0.994698944278206,0.8910361622427768,0.9535230994224548,0.823711097240448
02,1,9.003093737192103e-07,0.0029931736644357443,9.003093737192103e-07,3.1868587484495947e-06,1.9898320715583395e-06,2.722668170928955,1.3613349857738513,0.5921060280011052,0.9998860068650738,0.9067207844155396,0.9887235164642334,0.8117578029632568
02,1,9.414750934411131e-07,0.003130025463178754,9.414752071279509e-07,3.128129264950985e-06,2.000709173444193e-06,0.22654244303703308,0.11327216299360998,0.5200708670468327,0.9992278713962159,0.6475100305917338,0.8974117040634155,0.7383673787117004
02,1,9.8382918167772e-07,0.0032708391081541777,9.838290679908823e-07,3.0755059015064035e-06,2.0146248971286695e-06,2.1021533012390137,1.0510776344486885,0.5531675403000876,0.8884860402502338,0.8581227434490916,0.935871958732605,0.8687887191772461
02,1,9.488127261647605e-07,0.00315442169085145,9.488127261647605e-07,3.118633230769774e-06,2.0030461200803984e-06,0.2282845824956894,0.11414324006057086,0.6581416348120261,0.999761182965267,0.7846469351657681,0.9782684445381165,0.7742806673049927
03,1,9.320669391854608e-07,0.003098750254139304,9.320669391854608e-07,3.140658009215258e-06,1.9978886030003196e-06,0.43718791007995605,0.2185948871069172,0.5752769032696381,0.9999878003866548,0.6684266884893497,0.9887048602104187,0.7413038611412048
03,1,9.190613923237834e-07,0.0030555136036127806,9.190613923237834e-07,3.159134848829126e-06,1.994483682210557e-06,0.9244750738143921,0.46223845596858837,0.6481424188640573,0.9986615938045066,0.7701319644599955,0.9188273549079895,0.7815283536911011
03,1,9.194525887323834e-07,0.003056808141991496,9.194525887323834e-07,3.1585050237481482e-06,1.9945773601648398e-06,0.8874680399894714,0.44373493944732445,0.5829021157802359,0.5621346432744813,0.7748674206843577,0.9677609205245972,0.7804481387138367
03,1,9.885416147881187e-07,0.003286506747826934,9.885416147881187e-07,3.0712751595274312e-06,2.0163793124083895e-06,3.1803669929504395,1.5901844850168345,0.7702116235851694,0.9999854464648777,0.8609614840149041,0.9758923649787903,0.8638917803764343
03,1,9.02758529264247e-07,0.0030013136565685272,9.027586429510848e-07,3.1825884434510954e-06,1.9903372958651744e-06,2.583665609359741,1.2918337074383999,0.5899803095157693,0.9999947859016804,0.8870202206281039,0.9862657189369202,0.8069811463356018
03,1,9.273474574911234e-07,0.003083058400079608,9.273474574911234e-07,3.1473123272007797e-06,1.9967528714914806e-06,0.46294689178466797,0.23147437323979148,0.712640851427144,0.9975496288800386,0.7414138045117104,0.9913510084152222,0.7562669515609741
03,1,9.395593565386662e-07,0.0031236556824296713,9.395593565386662e-07,3.1307406516134506e-06,2.000073664021329e-06,0.27311384677886963,0.13655786294879135,0.478477531702545,0.48592009989336865,0.6037412502032908,0.968589723110199,0.7304064631462097
03,1,9.14462361834012e-07,0.0030402229167521,9.14462361834012e-07,3.1657295949116815e-06,1.993270871025743e-06,1.2060092687606812,0.6030055488427024,0.5927266744731308,0.6566725922535116,0.8269795683104829,0.9681042432785034,0.7929811477661133
03,1,9.312420274909528e-07,0.003096006577834487,9.312420274909528e-07,3.1419531296705827e-06,1.9978497221018188e-06,0.36787939071655273,0.18394062660030386,0.45099522764682476,0.9953753549610402,0.7228152566422723,0.9769604206085205,0.7442277669906616
03,1,9.431698231310293e-07,0.0031356625258922577,9.431698231310293e-07,3.1259564821084496e-06,2.0014185793115757e-06,0.0996495857834816,0.04982573606156393,0.6801660635358034,8.644093357564258e-05,0.8218507620139572,0.9570719003677368,0.7522938847541809
03,1,9.452165841139504e-07,0.003142464905977249,9.452166409573692e-07,3.1230079002853017e-06,2.001793291128706e-06,0.30368098616600037,0.1518414382995843,0.3389151799909232,0.047285184709606756,0.7292590030661906,0.42442598938941956,0.752779483795166
03,1,9.189733987113868e-07,0.003055218607187271,9.189733987113868e-07,3.1591137030773098e-06,1.994370222746511e-06,0.978312611579895,0.4891572247633462,0.6634191168027487,0.9876828717359823,0.80215819718007,0.9734824299812317,0.7815937399864197
03,1,9.609869948690175e-07,0.0031948951072990894,9.609869948690175e-07,3.103059952991316e-06,2.0069796846655663e-06,0.4700291156768799,0.2350155188254348,0.6009462242900178,0.9928669870745679,0.7946788336476927,0.719276487827301,0.8182288408279419
03,1,9.245639489563473e-07,0.0030738101340830326,9.245639489563473e-07,3.15083661917015e-06,1.995974344026763e-06,0.5146489143371582,0.25732538173252806,0.67838329410696,0.9999999311200413,0.7586008771500756,0.9412384629249573,0.7652486562728882
03,1,9.448352216168132e-07,0.0031411994714289904,9.448351079299755e-07,3.123755504930159e-06,2.0018071609229082e-06,0.18338435888290405,0.09169312427667364,0.6917938410488084,0.988982389943186,0.8094985388199797,0.9711424708366394,0.7561314105987549
03,1,9.038478196998767e-07,0.0030049362685531378,9.038478196998767e-07,3.1817839953873772e-06,1.9906076431652764e-06,2.4169869422912598,1.2084943749934496,0.49947490983513526,0.9999570543880832,0.8737501858714312,0.936383843421936,0.8067562580108643
03,1,9.443503472539305e-07,0.003139592008665204,9.44350574627606e-07,3.124465365544893e-06,2.0016784674226074e-06,0.08563855290412903,0.04282022080241177,0.3961118222386789,0.9999758338379385,0.6664022506684238,0.4673618674278259,0.756925106048584
04,1,9.274268677472719e-07,0.003083324059844017,9.274268677472719e-07,3.1472579848923488e-06,1.9967883417848498e-06,0.5258426666259766,0.26292226073985603,0.6613674189942047,0.9999706473286574,0.7655035214396384,0.9959756731987,0.7555590271949768
04,1,9.63241859608388e-07,0.003202394349500537,9.632416322347126e-07,3.1000986382423434e-06,2.007628381761606e-06,0.7835233211517334,0.3917626238177263,0.9024164191682014,0.9999993865389969,0.8489999367484793,0.9586539268493652,0.8180292248725891
04,1,9.278528523282148e-07,0.003084734780713916,9.278528523282148e-07,3.1468402994505595e-06,1.996808578041964e-06,0.4760124981403351,0.23800717692301987,0.7579624446106006,0.9999983857839918,0.7668815305201995,0.9957607388496399,0.7548967599868774
04,1,9.55937935032125e-07,0.0031781152356415987,9.55937935032125e-07,3.110161287622759e-06,2.0054881133546587e-06,0.9741269946098328,0.4870644532428514,0.4456555722130081,0.07112267058374891,0.7130885665673268,0.895757794380188,0.7869946360588074
04,1,9.183049769490026e-07,0.003052998101338744,9.183049769490026e-07,3.159717607559287e-06,1.9942031030950602e-06,1.8718616962432861,0.93593176642662,0.34874213477597876,0.3143822691198627,0.8372104746655734,0.9381687045097351,0.771946907043457
04,1,9.275760248783627e-07,0.0030838220845907927,9.275760248783627e-07,3.147099505440565e-06,1.996773562495946e-06,0.4881327152252197,0.24406728518863474,0.5941681389931665,0.9762615134168849,0.7833499358233824,0.96986985206604,0.7555136680603027
04,1,9.355937322652608e-07,0.003110469551756978,9.355937322652608e-07,3.1359504646388814e-06,1.9989442989754025e-06,0.2411857545375824,0.12059381286252346,0.5872919902996421,0.9972316448136794,0.6962604288808377,0.8955798149108887,0.7319265007972717
04,1,9.192364700538747e-07,0.003056093817576766,9.192364132104558e-07,3.158657364110695e-06,1.9945132407883648e-06,0.8447751402854919,0.422388489379216,0.44895488980638004,0.6887287015256031,0.7219044744766185,0.9817599058151245,0.7813003659248352
04,1,9.35346179176122e-07,0.0031096504535526037,9.353462928629597e-07,3.136543227810762e-06,1.9989361135230865e-06,0.17756623029708862,0.08878405049472349,0.4431121260687911,0.9706512040121257,0.6642288479656243,0.7274816036224365,0.7334023118019104
04,1,9.25539268337161e-07,0.003077046712860465,9.255392114937422e-07,3.1498207135882694e-06,1.9962089936598204e-06,0.6059231758117676,0.3029625134451521,0.5974500332476819,0.9999928331270769,0.7903786794774998,0.9553999304771423,0.7617325782775879
04,1,9.38606660838559e-07,0.003120491746813059,9.386065471517213e-07,3.1326208045356907e-06,2.0000154563604156e-06,0.6071728467941284,0.30358736200372505,0.2663874506334928,0.0014817947662965469,0.7193210950710107,0.4042030870914459,0.7317521572113037
04,1,8.958959369920194e-07,0.002978498814627528,8.958959369920194e-07,3.193333441231516e-06,1.9886706468241755e-06,3.7226719856262207,1.8613368887090473,0.5409940459379505,0.9999994374711696,0.816463522967162,0.9228712320327759,0.8071019053459167
04,1,9.378774734614126e-07,0.003118067281320691,9.378774734614126e-07,3.1329541343438905e-06,1.9997282834083308e-06,0.2717148959636688,0.13585838585930787,0.8233439170795475,0.8125204681434114,0.8174024359244181,0.9887183904647827,0.7287315130233765
04,1,9.47065871059749e-07,0.003148613963276148,9.47065871059749e-07,3.1212246085488005e-06,2.002570909098722e-06,0.1936388909816742,0.09682039255670816,0.6286408864550934,0.7284768043932218,0.7959946431285735,0.9349085092544556,0.7678605914115906
04,1,9.386459964844107e-07,0.003120628884062171,9.386459964844107e-07,3.13205350721546e-06,1.999967025767546e-06,0.18190306425094604,0.0909524707714695,0.6841567970229747,0.9999886758147839,0.7962557806300924,0.9927951693534851,0.730584979057312
04,1,9.399883538208087e-07,0.003125082002952695,9.39988240133971e-07,3.130171535303816e-06,2.0004376892757136e-06,0.09993305802345276,0.0499674690000802,0.7957414727416726,0.9999319200663015,0.7956971341580718,0.9974048733711243,0.7372760772705078
04,1,9.316340765508357e-07,0.0030973097309470177,9.316340765508357e-07,3.14155408887018e-06,1.997853360080626e-06,0.3343675136566162,0.16718468846238466,0.6606512616795738,0.9997109122732152,0.7183802284986485,0.9691202640533447,0.7436762452125549
05,1,9.320734761786298e-07,0.0030987707432359457,9.320734761786298e-07,3.1410172596224584e-06,1.9981434888904914e-06,0.39884936809539795,0.19942561612117515,0.5642121414301972,0.5400712605003168,0.748422370413564,0.8821913003921509,0.7414115071296692
05,1,9.194876042784017e-07,0.0030569294467568398,9.194877179652394e-07,3.158515255563543e-06,1.9945432541135233e-06,0.8628433346748352,0.4314225868250219,0.43086300279483297,0.11497427139639216,0.8131766729436765,0.9670636653900146,0.7806800007820129
05,1,9.449742037759279e-07,0.0031416609417647123,9.449740900890902e-07,3.1242163913702825e-06,2.0019210751343053e-06,0.43330803513526917,0.21665496254183836,0.42851540381870307,0.008760246272234502,0.7412934303351715,0.33264070749282837,0.750656008720398
05,1,9.670344525147812e-07,0.0032150030601769686,9.670344525147812e-07,3.0954129215388093e-06,2.008973979172879e-06,0.8119015693664551,0.40595175171768005,0.6133936159146486,0.9969517200693997,0.8686903059172217,0.9491187930107117,0.8338595628738403
05,1,9.742348083818797e-07,0.003238940378651023,9.742348083818797e-07,3.087207005592063e-06,2.011483047681395e-06,1.4867243766784668,0.7433631625740418,0.5771540706840661,0.9996580254831656,0.8342539921962178,0.9570575952529907,0.84632408618927
05,1,9.417312298864999e-07,0.0031308792531490326,9.417311161996622e-07,3.1283623229683144e-06,2.0009499621664872e-06,0.36552929878234863,0.1827655911224042,0.43971408242085164,0.9657313531090247,0.7369010351166203,0.8009960055351257,0.7386981844902039
05,1,9.716105751067516e-07,0.0032302134204655886,9.716105751067516e-07,3.089646270382218e-06,2.010332991631003e-06,2.1226015090942383,1.0613017261576942,0.6522897130990357,0.9999429155184991,0.8184050858192856,0.7740975022315979,0.8158178329467773
05,1,1.031486931424297e-06,0.0034292794298380613,1.031486931424297e-06,3.024360466952203e-06,2.0324944216554286e-06,10.53592586517334,5.267963964073601,0.8343805382021695,0.1954512065941481,0.8667737086796748,0.9642758965492249,0.8976865410804749
05,1,9.453198686060205e-07,0.0031428118236362934,9.453198686060205e-07,3.1231725188263226e-06,2.0020452211610973e-06,0.12097223103046417,0.06048706083510069,0.5325033360912358,0.9999420622109377,0.7922367754975531,0.9457635879516602,0.7614758014678955
05,1,9.950039157047286e-07,0.0033079886343330145,9.950039157047286e-07,3.0630842502432643e-06,2.0186810161249014e-06,3.259916067123413,1.6299590285656222,0.6488733317668802,0.9766333712872981,0.8656762797606739,0.926901638507843,0.8871163129806519
05,1,8.892288292372541e-07,0.002956333104521036,8.892288292372541e-07,3.2039883990364615e-06,1.9871474705723813e-06,6.311084270477295,3.1555430244674767,0.7606426496767495,0.24783519904450554,0.8437487159314687,0.9934563040733337,0.7881496548652649
05,1,9.570163683747523e-07,0.0031816945411264896,9.570162546879146e-07,3.1083968679013196e-06,2.0057782421645243e-06,0.5923664569854736,0.2961841855091052,0.5973493836751849,0.9930019940593456,0.8307978836125908,0.7910146713256836,0.8001695871353149
05,1,9.523502626507252e-07,0.0031661849934607744,9.523502626507252e-07,3.1141335057327524e-06,2.004225279961247e-06,0.21798734366893768,0.10899462418473149,0.49272394520540125,0.9232297335463368,0.8150634647583288,0.7144628763198853,0.7912733554840088
05,1,9.638509936849005e-07,0.0032044225372374058,9.638511073717382e-07,3.099647983617615e-06,2.008025603572605e-06,0.7045596837997437,0.3522808057508655,0.6514620878031822,0.9999284523576352,0.8610687269451321,0.9641256928443909,0.8247759342193604
05,1,9.679249615146546e-07,0.003217966528609395,9.679248478278168e-07,3.0943474484956823e-06,2.0092636532353936e-06,0.841158390045166,0.4205801629475445,0.5069424333841885,0.9899489668575672,0.8504398087244521,0.8811613917350769,0.8365832567214966
05,1,9.497202313468733e-07,0.0031574422027915716,9.497202313468733e-07,3.117315372946905e-06,2.0032348402310163e-06,0.37137371301651,0.18568780622848635,0.17238588366991162,0.0007139007867357214,0.7098341426496614,0.5415647029876709,0.7731881141662598
05,1,9.175819286610931e-07,0.0030505917966365814,9.175819286610931e-07,3.1604909054294694e-06,1.9939293451898266e-06,1.359026551246643,0.6795141932052502,0.6171170405057689,0.9899846136145206,0.86828758119349,0.9613889455795288,0.7822331190109253
06,1,9.745970146468608e-07,0.0032401473727077246,9.745970146468608e-07,3.0859007438266417e-06,2.0114623566769296e-06,1.4858393669128418,0.7429206580534355,0.7753768151684213,0.9972394420376864,0.8666894401382267,0.9516640305519104,0.8468586206436157
06,1,9.211224210048385e-07,0.0030623641796410084,9.211224210048385e-07,3.1563429274683585e-06,1.9949820853071287e-06,0.7893450260162354,0.3946734341305387,0.5631707774701634,0.9998675438483391,0.7884626543175739,0.9775972962379456,0.77591872215271
06,1,9.6341989319626e-07,0.0032029838766902685,9.6341989319626e-07,3.0998351121525047e-06,2.007694092753809e-06,0.860648512840271,0.4303252198400287,0.6697477042464192,0.9425661288283541,0.8386831373318377,0.9763265252113342,0.8166576623916626
06,1,9.427723739463545e-07,0.003134341211989522,9.427723739463545e-07,3.126610863546375e-06,2.0012030290672556e-06,0.1911834180355072,0.09559265179012755,0.6082259254960983,0.9853356604333219,0.7451418104027033,0.7394418716430664,0.7466837763786316
06,1,9.184194027511694e-07,0.003053378313779831,9.184195164380071e-07,3.160074129482382e-06,1.9943161078117555e-06,0.9645717144012451,0.4822867756200253,0.5196268469960584,0.5275700783440852,0.8315908789569542,0.9535123705863953,0.7833476066589355
06,1,9.099245517063537e-07,0.0030251317657530308,9.099245517063537e-07,3.172728611389175e-06,1.9920883005397627e-06,1.7175874710083008,0.8587946454287021,0.44019461140249544,0.9999995923323229,0.8794627232294111,0.9894360303878784,0.7992083430290222
06,1,9.666365485827555e-07,0.0032136812806129456,9.666366622695932e-07,3.096063664997928e-06,2.0089198642381234e-06,0.813710629940033,0.40685628160656506,0.774113087085467,0.9999413878693583,0.8897715253180429,0.8797870874404907,0.8329567909240723
06,1,9.260455158255354e-07,0.0030787314753979445,9.260455158255354e-07,3.149298208882101e-06,1.99641908693593e-06,0.6156457662582397,0.3078238091746357,0.7202889625831086,0.9999937463972826,0.7434048229528432,0.9791997075080872,0.7598661780357361
06,1,9.554324833516148e-07,0.0031764344312250614,9.554324833516148e-07,3.1102108550840057e-06,2.005114765779581e-06,0.4165455102920532,0.20827371057850996,0.5801134176358278,0.9607117957507026,0.8069068379839148,0.9661468863487244,0.7971396446228027
06,1,9.508725611340196e-07,0.0031612718012183905,9.508725611340196e-07,3.1160320759227034e-06,2.0036709429405164e-06,0.2945833206176758,0.14729261118139902,0.5330868014565732,0.9865642339696861,0.7832180570881799,0.9368211030960083,0.7817391157150269
06,1,9.810786423258833e-07,0.003261692589148879,9.810786423258833e-07,3.0787844025326194e-06,2.013761786656687e-06,1.8278518915176392,0.9139269268374619,0.6642997220035777,0.0016477533007702738,0.8759405109883568,0.934827983379364,0.8653169274330139
06,1,9.997058896260569e-07,0.003323619021102786,9.997058896260569e-07,3.0585561034968123e-06,2.020431111304788e-06,4.393365859985352,2.1966839296985654,0.5657760880410154,0.9905310623693608,0.8652464506545249,0.7578941583633423,0.8841801881790161
06,1,9.666621281212429e-07,0.0032137632369995117,9.666621281212429e-07,3.095686679444043e-06,2.0087393295398215e-06,0.9967175722122192,0.49835975276823774,0.7495991152592303,0.007322792269618406,0.8607762901421222,0.8447819352149963,0.8262956738471985
06,1,9.516814429844089e-07,0.0031639605294913054,9.516815566712467e-07,3.1153283543972066e-06,2.004083626161446e-06,0.6274747848510742,0.3137383441069801,0.6145902811675746,0.9999868352477835,0.8144420524004017,0.794642448425293,0.7764304876327515
06,1,9.66056063589349e-07,0.0032117501832544804,9.66056063589349e-07,3.096500222454779e-06,2.008549699894502e-06,0.9446680545806885,0.4723349933464078,0.4052839009622536,0.8185212116641839,0.8372768472958169,0.6081115007400513,0.8253217339515686
06,1,9.06126047084399e-07,0.0030125086195766926,9.06126047084399e-07,3.178154884153628e-06,1.9912690731871407e-06,2.144306182861328,1.0721539975567111,0.535242682763418,0.0651254748397308,0.9033609383880896,0.9180900454521179,0.8036895990371704
06,1,9.074346394299937e-07,0.0030168555676937103,9.074346394299937e-07,3.1767594919074327e-06,1.99157398128591e-06,2.2880942821502686,1.1440480485097737,0.41244106164748556,0.9988518093918602,0.8721838157318752,0.7022032737731934,0.7995210289955139
06,1,9.722729146233178e-07,0.00323242018930614,9.722729146233178e-07,3.0888288620189996e-06,2.010605385294184e-06,1.4245920181274414,0.7122969813366353,0.4068252053074473,0.06272764501419624,0.836274396350963,0.9143827557563782,0.837919294834137
